{"cameraMode":{"drawMode":0,"name":"Shaded","section":"Shading Mode"},"sceneLighting":true,"audioPlay":false,"sceneViewState":{"showFog":true,"showMaterialUpdate":false,"showSkybox":true,"showFlares":true,"showImageEffects":true,"showParticleSystems":true,"showVisualEffectGraphs":true,"m_FxEnabled":true},"in2DMode":false,"pivot":{"x":6.603687286376953,"y":8.622138023376465,"z":-0.21905839443206788},"rotation":{"x":0.005360708571970463,"y":0.11822112649679184,"z":-0.0006371999043039978,"w":0.9929743409156799},"size":0.8660253882408142,"orthographic":false}