{"cameraMode":{"drawMode":0,"name":"Shaded","section":"Shading Mode"},"sceneLighting":true,"audioPlay":false,"sceneViewState":{"showFog":true,"showMaterialUpdate":false,"showSkybox":true,"showFlares":true,"showImageEffects":true,"showParticleSystems":true,"showVisualEffectGraphs":true,"m_FxEnabled":true},"in2DMode":false,"pivot":{"x":7.3194475173950199,"y":8.653315544128418,"z":-4.3168134689331059},"rotation":{"x":0.022789062932133676,"y":0.9051703214645386,"z":-0.04892677441239357,"w":0.4216095209121704},"size":14.860950469970704,"orthographic":false}